name,cost
New Olamn,8
Fetlock Court,8
House of Heroes,8
Helmstar Warehouse,3
The Skulkway,4
The Tower of Luck,8
Dragon Tower,3
The Golden Horn,4
Spires of the Morning,4
Jester's Court,4
Caravan Court,4
Tower of the Order,4
The Waymoot,4
Heroes' Garden,4
House of the Moon,3
House of Good Spirits,3
The Yawning Portal,4
Northgate,3
The Three Pearls,4
Smuggler's Dock,4
House of Wonder,4
The Stone House,4
The Zoarstar,8
The Palace of Waterdeep,4